seed,bias,variant,lambda,ndcg_true,ndcg_hist,selection_ratio,eo_ratio,exposure_ratio,share_b_top
0,1.0,oracle,0.0,1.0,0.7781688099060301,1.0506899464939454,1.0,1.0842850175072105,0.11666666666666667
0,1.0,historical,0.0,0.9237617544762011,1.0,0.7867803837953091,0.9099713845476557,0.6998351859273342,0.09
0,1.0,baseline,0.0,0.8030349843159847,0.7233025443440092,0.21795133919443876,0.24503005085529356,0.17638149659777141,0.02666666666666667
0,1.0,unaware,0.0,0.8159050956434968,0.7266898497021285,0.379702187548868,0.41926477431363424,0.3134926519419064,0.04555555555555556
0,1.0,rerank,0.0,0.8186427557095262,0.7161098553794406,0.7654843928954497,0.7126050420168067,0.579719304181097,0.08777777777777777
0,1.0,penalty,3.0,0.8314470053751942,0.7037212008302827,1.03937598439961,0.9948805460750854,0.8267988613948025,0.11555555555555555
0,1.0,penalty,10.0,0.8247240612639481,0.7011950476736429,1.1422367198315917,0.9972765536023769,0.8691258317593068,0.12555555555555556
0,1.0,penalty,30.0,0.8305823432884027,0.7056417673062906,1.0280904136781588,0.9528668610301265,0.77773580044433,0.11444444444444445
0,1.0,penalty,100.0,0.8144982562671991,0.7001094814967112,0.7337342414142879,0.7277764394121898,0.5878608028160832,0.08444444444444445
0,0.0,oracle,0.0,1.0,0.8044952456231574,1.0506899464939454,1.0,1.0842850175072105,0.11666666666666667
0,0.0,historical,0.0,0.9342150709701807,1.0,0.9277804525758305,0.9636363636363636,0.9802733960328611,0.10444444444444445
0,0.0,baseline,0.0,0.8324164258285321,0.7197786635146544,0.8296859261972347,0.882480694980695,0.8388369481483199,0.09444444444444444
0,0.0,unaware,0.0,0.8225461127711687,0.7129442116405328,0.7022144416971973,0.7673745173745173,0.6381803883836965,0.0811111111111111
0,0.0,rerank,0.0,0.8230954018877645,0.7089702598756862,0.9832299178265973,0.9382837472338333,0.8349594616410869,0.11
0,0.0,penalty,30.0,0.8310102389281417,0.7076795267457543,1.0962318621808782,1.0242172211350293,0.8427323668500994,0.12111111111111111
0,0.5,oracle,0.0,1.0,0.7883052248609156,1.0506899464939454,1.0,1.0842850175072105,0.11666666666666667
0,0.5,historical,0.0,0.9279131752329332,1.0,0.8189201053555751,0.9275869612776196,0.781804915748229,0.09333333333333334
0,0.5,baseline,0.0,0.826655487685116,0.7223160121716737,0.4778756394704921,0.5549092601209864,0.44420780164647505,0.056666666666666664
0,0.5,unaware,0.0,0.8188484964935299,0.7196194872869577,0.5177956371986222,0.5987291127324076,0.4302201706368159,0.06111111111111111
0,0.5,rerank,0.0,0.8223427443075697,0.7137644990830343,0.8512970204328908,0.842688508793062,0.6620327239016541,0.09666666666666666
0,0.5,penalty,30.0,0.8319559665714527,0.7085759118681931,1.0620324072333547,0.9769585253456222,0.8169292649530738,0.11777777777777777
0,1.5,oracle,0.0,1.0,0.7639955556677063,1.0506899464939454,1.0,1.0842850175072105,0.11666666666666667
0,1.5,historical,0.0,0.9176132690851233,1.0,0.7126956018936793,0.8673153471915082,0.5702470503939876,0.08222222222222222
0,1.5,baseline,0.0,0.8016343677749612,0.7367639138941654,0.10750302541347317,0.1446769790718835,0.07389086118565547,0.013333333333333334
0,1.5,unaware,0.0,0.8052573519086983,0.7306634513555216,0.2837881936691685,0.32113726404101606,0.22179703395565933,0.034444444444444444
0,1.5,rerank,0.0,0.8109048319685305,0.7219934395214285,0.7126956018936793,0.6605944391179291,0.5188326403878099,0.08222222222222222
0,1.5,penalty,30.0,0.8276157417097009,0.6980634399741815,1.0168331275951072,0.9111380145278452,0.7603502738103206,0.11333333333333333
1,1.0,oracle,0.0,1.0,0.7891811403884911,1.148294611962432,1.0,1.1944422870308051,0.11222222222222222
1,1.0,historical,0.0,0.9260720475913701,1.0,0.742445054945055,0.796949028236157,0.6571813009451709,0.07555555555555556
1,1.0,baseline,0.0,0.8093845424571047,0.7454426885375003,0.1124008658581543,0.13790776858985423,0.09375915742189447,0.012222222222222223
1,1.0,unaware,0.0,0.8048613428153464,0.7282393764680655,0.3240564350020791,0.28484386900228487,0.29979252281929364,0.034444444444444444
1,1.0,rerank,0.0,0.8086500328336512,0.7212876509147115,0.6488595438175271,0.5001894532215284,0.5245894741706433,0.06666666666666667
1,1.0,penalty,3.0,0.8357154513327473,0.7292194144724724,0.9106243964578496,0.8327253778009379,0.7517626981712778,0.09111111111111111
1,1.0,penalty,10.0,0.8290726198664422,0.7224927264133447,1.0093370681605975,0.9214016243554471,0.7613571328383366,0.1
1,1.0,penalty,30.0,0.8294309533813379,0.7196214789219672,0.9106243964578496,0.809365094925334,0.7043480793849997,0.09111111111111111
1,1.0,penalty,100.0,0.7948277307112585,0.7108516646945191,0.6954284105986892,0.6095493971507704,0.510095261234896,0.07111111111111111
1,0.0,oracle,0.0,1.0,0.811643067108149,1.148294611962432,1.0,1.1944422870308051,0.11222222222222222
1,0.0,historical,0.0,0.9340726329265022,1.0,1.1100190699721286,0.9610267693436011,1.0978337893095604,0.10888888888888888
1,0.0,baseline,0.0,0.8410939428492095,0.7338312118250242,0.7542699390225405,0.6957461218434547,0.7617096421931204,0.07666666666666666
1,0.0,unaware,0.0,0.8377429419805136,0.7306244694522127,0.6954284105986892,0.7003083914948872,0.6801869573500591,0.07111111111111111
1,0.0,rerank,0.0,0.8351955997804319,0.7322433602336582,0.9474145486415424,0.833421636478029,0.8514864379568626,0.09444444444444444
1,0.0,penalty,30.0,0.8342857268664582,0.7188440976172475,0.9720921578963689,0.8644351190085897,0.7799748786485967,0.09666666666666666
1,0.5,oracle,0.0,1.0,0.798136755852157,1.148294611962432,1.0,1.1944422870308051,0.11222222222222222
1,0.5,historical,0.0,0.9280382927469949,1.0,0.8862471817995491,0.8829119519094767,0.8435741776756834,0.08888888888888889
1,0.5,baseline,0.0,0.821569604386277,0.7327119380496042,0.31324253839466826,0.34339880933430966,0.2741226750875323,0.03333333333333333
1,0.5,unaware,0.0,0.816432382040768,0.7279544723399499,0.43358018411089694,0.4272658035034273,0.3908334592914693,0.04555555555555556
1,0.5,rerank,0.0,0.8182510796402162,0.7243509739904187,0.742445054945055,0.6328712871287129,0.5997406687910748,0.07555555555555556
1,0.5,penalty,30.0,0.8290187666262514,0.717509389548069,0.9474145486415424,0.8368545945503642,0.7392970107660766,0.09444444444444444
1,1.5,oracle,0.0,1.0,0.7813415363163645,1.148294611962432,1.0,1.1944422870308051,0.11222222222222222
1,1.5,historical,0.0,0.9233170540289668,1.0,0.7071403411664067,0.7629197637864676,0.5764887069796568,0.07222222222222222
1,1.5,baseline,0.0,0.8053273724994797,0.7526844743564914,0.050748791136566364,0.06288466684506289,0.03532917270216197,0.005555555555555556
1,1.5,unaware,0.0,0.7964975315513936,0.7304880848808822,0.29168915272531026,0.2593734783314397,0.23774209792067325,0.03111111111111111
1,1.5,rerank,0.0,0.8007480388578748,0.7225632506040225,0.6604601316092586,0.5018595348683449,0.4919451362385232,0.06777777777777778
1,1.5,penalty,30.0,0.8176741337698287,0.716333380551655,0.8499035093988994,0.7685622833640148,0.6515055529143436,0.08555555555555555
2,1.0,oracle,0.0,1.0,0.7943725573555354,0.9141742225138181,1.0,0.9396490630217947,0.0811111111111111
2,1.0,historical,0.0,0.9294275379251525,1.0,0.5834629226462879,0.7790556187934214,0.5034301113962002,0.05333333333333334
2,1.0,baseline,0.0,0.8107226494098482,0.7449050362981218,0.17553333689782386,0.23083694765319707,0.15317946510352667,0.016666666666666666
2,1.0,unaware,0.0,0.8108739911541945,0.729681247304958,0.29589905362776026,0.37943239168906073,0.23383303231632446,0.027777777777777776
2,1.0,rerank,0.0,0.8091975096370141,0.7231066781722505,0.6350663650973157,0.5729066571320028,0.46189469710051406,0.057777777777777775
2,1.0,penalty,3.0,0.8249510040872055,0.726217783691946,0.7265535621181034,0.8432415658110564,0.5761765107814384,0.06555555555555556
2,1.0,penalty,10.0,0.8156127459603895,0.7398246904929207,0.6350663650973157,0.7540250845045366,0.4635861093551062,0.057777777777777775
2,1.0,penalty,30.0,0.803015887376934,0.7354786282747673,0.51963602766602,0.5350720628262906,0.36938793483930193,0.04777777777777778
2,1.0,penalty,100.0,0.7885227116356754,0.7213055455932489,0.3203030992877817,0.35577946337597643,0.23272237899773218,0.03
2,0.0,oracle,0.0,1.0,0.8062519396526745,0.9141742225138181,1.0,0.9396490630217947,0.0811111111111111
2,0.0,historical,0.0,0.9331454056173148,1.0,0.8195765154437965,0.8814890845209427,0.8240973183549005,0.07333333333333333
2,0.0,baseline,0.0,0.8199475472406241,0.7261304559742625,0.622119918404655,0.7601955025446719,0.6751014159551668,0.056666666666666664
2,0.0,unaware,0.0,0.8220223580732678,0.7217704437939088,0.622119918404655,0.8105134202026951,0.5751764965960355,0.056666666666666664
2,0.0,rerank,0.0,0.8201778252785944,0.7217920258351603,0.8464420043678719,0.8958497889914467,0.7305149959841621,0.07555555555555556
2,0.0,penalty,30.0,0.8037052016908873,0.7290012812612932,0.6092039339395063,0.6905508790142403,0.43449295022978246,0.05555555555555555
2,0.5,oracle,0.0,1.0,0.7999455695539549,0.9141742225138181,1.0,0.9396490630217947,0.0811111111111111
2,0.5,historical,0.0,0.929757455681801,1.0,0.6740895600395721,0.8301251771374587,0.6288820552127986,0.06111111111111111
2,0.5,baseline,0.0,0.8179575495841023,0.7386852000958438,0.4190477927098339,0.6182633743046241,0.34195551732799456,0.03888888888888889
2,0.5,unaware,0.0,0.8220502624650692,0.7298071401266556,0.4190477927098339,0.5781826920976164,0.3740123708798476,0.03888888888888889
2,0.5,rerank,0.0,0.8188742158470687,0.7270018980625005,0.7133908300051702,0.7219312382487242,0.57464998646856,0.06444444444444444
2,0.5,penalty,30.0,0.8064852515194054,0.7339466128181027,0.596318304314464,0.6674887339416631,0.4254586393505234,0.05444444444444444
2,1.5,oracle,0.0,1.0,0.7833744600839743,0.9141742225138181,1.0,0.9396490630217947,0.0811111111111111
2,1.5,historical,0.0,0.9253076818967869,1.0,0.5578424781506957,0.7498176801024934,0.42805159221049544,0.051111111111111114
2,1.5,baseline,0.0,0.8023616472430046,0.7456396145848833,0.046234227129337536,0.07047444555699951,0.031104214769181363,0.0044444444444444444
2,1.5,unaware,0.0,0.7985916437379617,0.7302655391727488,0.17553333689782386,0.19717790879139935,0.12737342771047905,0.016666666666666666
2,1.5,rerank,0.0,0.7980358342464043,0.7208735545029386,0.5578424781506957,0.45977139299057107,0.38646115068854375,0.051111111111111114
2,1.5,penalty,30.0,0.7993424393556903,0.7309863670455583,0.45654958390362077,0.49655310442981676,0.3282305998448979,0.042222222222222223
3,1.0,oracle,0.0,1.0,0.7680106100597572,1.0570979728709102,1.0,1.0024712499931472,0.12222222222222222
3,1.0,historical,0.0,0.9173986537434128,1.0,0.7002224436360266,0.8475437605872388,0.5748167100385497,0.08444444444444445
3,1.0,baseline,0.0,0.8080218646214896,0.7262696107973373,0.09393784010888855,0.1246056782334385,0.07776220527620449,0.012222222222222223
3,1.0,unaware,0.0,0.8152912112167456,0.7211246140993975,0.3071861161311683,0.34976387249114516,0.2543309817955167,0.03888888888888889
3,1.0,rerank,0.0,0.8151757162110178,0.7042964309316194,0.7712686556264113,0.6035141329258976,0.5801319283348813,0.09222222222222222
3,1.0,penalty,3.0,0.8370915320149189,0.7143666308135216,0.8124157852557047,0.8378787878787878,0.6395295359947964,0.09666666666666666
3,1.0,penalty,10.0,0.8311808594380401,0.7080972912816865,0.8854059944213151,0.9007704160246534,0.6614205426427066,0.10444444444444445
3,1.0,penalty,30.0,0.8203872886970955,0.7079650371561965,0.8539698086266967,0.9176087966547932,0.6194332541947585,0.10111111111111111
3,1.0,penalty,100.0,0.8024233242664418,0.7088789959146314,0.561690808323033,0.6319027841870481,0.4119580975955245,0.06888888888888889
3,0.0,oracle,0.0,1.0,0.7939991258172194,1.0570979728709102,1.0,1.0024712499931472,0.12222222222222222
3,0.0,historical,0.0,0.9289400942962333,1.0,0.9064937840629788,0.9708141321044548,0.8572451206856236,0.10666666666666667
3,0.0,baseline,0.0,0.8332425649783711,0.7242465909176614,0.561690808323033,0.6800060404711568,0.5197367635073902,0.06888888888888889
3,0.0,unaware,0.0,0.8395769609084616,0.7180886486093183,0.7508458128983188,0.8152982243132493,0.7007767524345065,0.09
3,0.0,rerank,0.0,0.8376542920454143,0.7112028991870945,1.0243779851745733,0.9144929773113134,0.8933655990778538,0.11888888888888889
3,0.0,penalty,30.0,0.8122576465899134,0.7203660304714831,0.8749012962355049,0.9501718213058418,0.6697374646693807,0.10333333333333333
3,0.5,oracle,0.0,1.0,0.7803072265221379,1.0570979728709102,1.0,1.0024712499931472,0.12222222222222222
3,0.5,historical,0.0,0.9222190732823652,1.0,0.7815176189807665,0.9102149782211606,0.6798994706372036,0.09333333333333334
3,0.5,baseline,0.0,0.8163495935401207,0.7235391728646784,0.3071861161311683,0.38536585365853654,0.2459280800980459,0.03888888888888889
3,0.5,unaware,0.0,0.8259826312384332,0.7136682977441988,0.5422775315376748,0.6183022275737508,0.4794162034814932,0.06666666666666667
3,0.5,rerank,0.0,0.8257764716509557,0.7041535047208799,0.8959367912361582,0.7912172573189523,0.7324480426550593,0.10555555555555556
3,0.5,penalty,30.0,0.8173187593478701,0.7169164504522857,0.8854059944213151,0.9452991452991453,0.6721419786750827,0.10444444444444445
3,1.5,oracle,0.0,1.0,0.7544901388328965,1.0570979728709102,1.0,1.0024712499931472,0.12222222222222222
3,1.5,historical,0.0,0.9114012580263635,1.0,0.6402794950685798,0.783064287737185,0.4719891962173471,0.07777777777777778
3,1.5,baseline,0.0,0.8063597080859611,0.7364680091567788,0.025390921209121894,0.03377030493017954,0.01870458202629261,0.0033333333333333335
3,1.5,unaware,0.0,0.8076148476555988,0.7187982206890624,0.2258455623337684,0.2681523022432113,0.18923695210823585,0.028888888888888888
3,1.5,rerank,0.0,0.8088957502489459,0.7004647500411626,0.7203978886120935,0.5198959289868381,0.5349522745832639,0.08666666666666667
3,1.5,penalty,30.0,0.8203529454501309,0.7066658984043797,0.7406717503929217,0.8277349768875193,0.5383714016797801,0.08888888888888889
4,1.0,oracle,0.0,1.0,0.7961721798979623,0.9802351287644759,1.0,0.9341557687851662,0.09111111111111111
4,1.0,historical,0.0,0.9302046511945674,1.0,0.6118742444273201,0.7662424885118417,0.5022008712956859,0.058888888888888886
4,1.0,baseline,0.0,0.8231790712972993,0.742014877267958,0.13214112315908721,0.18388220748566933,0.1041410228848455,0.013333333333333334
4,1.0,unaware,0.0,0.8219001231125684,0.7422260687893326,0.23361468189900061,0.2658077834696842,0.1969397563772447,0.023333333333333334
4,1.0,rerank,0.0,0.824314826436726,0.7333481496132308,0.5996215116935939,0.5736772383698278,0.452761392211564,0.057777777777777775
4,1.0,penalty,3.0,0.8351148067229833,0.7304913010051638,0.6364667115473195,0.6945044766903365,0.4932613401193188,0.06111111111111111
4,1.0,penalty,10.0,0.8254274317545686,0.71081060979691,0.8760348552290094,0.8610868356240566,0.6332170853365452,0.08222222222222222
4,1.0,penalty,30.0,0.8098868055027922,0.7117512347200866,0.6241559434322843,0.6153785239151093,0.45427212960030783,0.06
4,1.0,penalty,100.0,0.7898010998627146,0.7141162416130207,0.3839111615106969,0.3724659486854609,0.27930220031202685,0.03777777777777778
4,0.0,oracle,0.0,1.0,0.8047868352558433,0.9802351287644759,1.0,0.9341557687851662,0.09111111111111111
4,0.0,historical,0.0,0.934150058912291,1.0,0.8119284895912146,0.8712322931089573,0.7763513596057113,0.07666666666666666
4,0.0,baseline,0.0,0.8352265533032923,0.7250456972866901,0.6860025490042508,0.7612547985575244,0.6815935595908332,0.06555555555555556
4,0.0,unaware,0.0,0.8372112127302664,0.726694189219524,0.6611758689027639,0.6923136108332693,0.5713573828116255,0.06333333333333334
4,0.0,rerank,0.0,0.8372448416508451,0.7244391473978499,0.8631515686884997,0.8459317073170732,0.7150217317623481,0.0811111111111111
4,0.0,penalty,30.0,0.8217006850309287,0.7081352439054966,0.6984602224123182,0.6735942279036938,0.5110090527376054,0.06666666666666667
4,0.5,oracle,0.0,1.0,0.8022306853026946,0.9802351287644759,1.0,0.9341557687851662,0.09111111111111111
4,0.5,historical,0.0,0.9325069384854944,1.0,0.6735744662693616,0.7951572993990811,0.6180140245809207,0.06444444444444444
4,0.5,baseline,0.0,0.8243636879757759,0.7397841657872899,0.22223734349482852,0.2920440452478485,0.20613815258164753,0.022222222222222223
4,0.5,unaware,0.0,0.8269099709449995,0.7393202292425184,0.3255738809407591,0.37584714936631314,0.2867162824218844,0.03222222222222222
4,0.5,rerank,0.0,0.8301214231987244,0.7336060250797455,0.6241559434322843,0.6671586142613019,0.49794323244796307,0.06
4,0.5,penalty,30.0,0.8116014483989857,0.7125098030888386,0.6984602224123182,0.6812611540749554,0.49814274585617146,0.06666666666666667
4,1.5,oracle,0.0,1.0,0.7904148833733897,0.9802351287644759,1.0,0.9341557687851662,0.09111111111111111
4,1.5,historical,0.0,0.9287563505620936,1.0,0.5996215116935939,0.7528762080073631,0.4528322280812523,0.057777777777777775
4,1.5,baseline,0.0,0.8192303477677552,0.7434348710512491,0.07665072989519281,0.10742964352720451,0.05697490015702259,0.0077777777777777776
4,1.5,unaware,0.0,0.8184830070153919,0.7408380550986755,0.17698539572438834,0.2185579602274896,0.15298294027406845,0.017777777777777778
4,1.5,rerank,0.0,0.8205609060063187,0.7300390323360486,0.5508982035928144,0.5258708018390088,0.4154215594222909,0.05333333333333334
4,1.5,penalty,30.0,0.8052865943120093,0.7126871656599154,0.5996215116935939,0.5839381320642475,0.436275478042507,0.057777777777777775
